average,平均,1
globe（the〜）,地球,2
grin,にっこり笑う,3
Internet,インターネット,4
order (名詞),注文,5
receive,…を受け取る,6
via,…経由で,7
weekday,平日,8
corporation,会社,9
multinational,多国籍の,10
unemployed,失業した,11
unfortunately,残念なことに,12
well (間投詞),えーっと,13
astonish,…をびっくりさせる,14
autumn,秋,15
cease,…をやめる,16
countryside(the〜),田舎,17
full-time,全時間勤務の,18
guess,…を推測する,19
quit,…をやめる,20
cherish,…を大切にする,21
late,亡くなった，遅くまで,22
loose,ぐらぐらした,23
sew,…を縫う,24
bump,ぶつかる,25
move,引っ越しをする,26
neighborhood,近所，特定の地区,27
suburb,郊外,28
anybody,いかなる人,29
as(前置詞),…として，…の頃,30
earn,（金・生計を）得る,31
guard,警備員,32
currency,通貨,33
current,現行の,34
dollar,ドル,35
equivalent,等しい,36
exchange（名詞）,交換,37
major(形容詞),主要な,38
rate,率，料金,39
strengthen,強くなる,40
boring,退屈な,41
horrible,ひどい,42
such,そのような,43
blind,盲目の,44
deaf,耳が聞こえない,45
disability,身体的障害,46
person,人,47
struggle,もがく,48
ages,長い時間,49
appointment,予約，任命,50
normally,通常は,51
punctual,時間［期限］をきちんと守る,52
chest,胸,53
dull,鈍い,54
pain,痛み,55
proper,適切な,56
see,…に診てもらう［相談する］,57
double(動詞),２倍になる,58
length,長さ,59
lizard,トカゲ,60
reach,…に達する,61
really,非常に,62
within,…以内に,63
recognize,…だとわかる，…を認める,64
candidate,候補者,65
cheerfully,陽気に,66
greet,…を出迎える,67
loyal,忠実な,68
presidential,大統領（職）の,69
shake,…を振る,70
supporter,支援者,71
turn （名詞）,順番,72
(up)on,…と同時に,73
as(接続詞),…なので，…と同時に，…のように,74
death,死,75
entire,…全体,76
estate,遺産,77
heir,相続人,78
inherit,…を相続する,79
millionaire,百万長者,80
stepson,義理の息子,81
sudden,突然の,82
will (名詞),遺言，意志,83
catastrophe,大惨事,84
cause(動詞),…をもたらす,85
editorial,社説,86
imply,…をほのめかす,87
procedure,手続き,88
safety,安全,89
tragic,悲劇的な,90
actual,実際の,91
bleak,見通しが暗い,92
crop,作物,93
dismal,憂鬱な,94
forecast,予測,95
grain,穀物，穀物の粒,96
harvest,収穫,97
however(副詞),しかし,98
initial,当初の,99
outlook,見通し,100
surpass,…を越える,101
allowance,小遣い,102
fare,料金,103
postal,郵便の,104
raise (動詞),…を上げる，…を育てる,105
reduce,…を減らす,106
rise (動詞),上がる,107
subway,地下鉄,108
administration,経営，政権,109
degree,学位，度,110
entitle,…に資格を与える,111
master,修士号,112
pay (名詞),給料,113
qualification,資格,114
raise (名詞),給料のアップ,115
recently,最近,116
salary,給料,117
you,人,118
baggage,荷物,119
bomb,爆弾,120
compartment,仕切られたスペース,121
delay,…を遅らせる,122
suspected,疑いのある,123
visitor,訪問客,124
available,手に入る,125
check,調べる,126
convenient,都合の良い,127
except,…を除いて,128
bear(動詞),…を負う,129
boyfriend,恋人,130
debt,負債,131
disappear,消える,132
portion,部分,133
so-called,いわゆる,134
summarize,…を要約する,135
attractive,魅力的な,136
deal,取引,137
whisper,ささやく,138
over,…の間ずっと，…をめぐって,139
rough,荒れた,140
weather,天候,141
weekend,週末,142
fit(動詞),サイズが…に合う,143
marvelous,素晴らしい,144
match(動詞),…に合う,145
perfectly,完璧に,146
shirt,ワイシャツ,147
trousers,ズボン,148
barely,かろうじて,149
get,…になる,150
lately,最近,151
lazy,怠惰な,152
article,記事,153
bankrupt,倒産した,154
company,会社,155
consequence,結果,156
decision,決定,157
flourish,繁盛する,158
go,…になる,159
insurance,保険,160
magazine,雑誌,161
management,経営（陣）,162
bike,自転車,163
fit(形容詞),体調がよい，適している,164
healthy,健康な,165
ride,…に乗って移動する,166
stairs,階段,167
stay,…のままである,168
amazed,びっくりした,169
appear,…のようだ,170
bored,退屈している,171
contemporary,現代の,172
excited,興奮した,173
exhibition,展示会,174
fascinated,魅了された,175
sculpture,彫刻,176
seem,…のようだ,177
awful,ひどい,178
content(名詞),中身,179
drunk,酔った,180
gulp,一気に飲むこと,181
heavily,（量・程度が）大きく,182
liquid,液体,183
swallow,…を飲み込む,184
taste (動詞),…な味がする,185
thick,濃密な,186
academic,学問の,187
atmosphere,大気，雰囲気,188
climate,気候,189
conference,会議,190
global,地球の,191
institute,研究所,192
pollution,公害,193
warm （動詞）,暖まる,194
anonymous,匿名の,195
armed,武装した,196
informer,情報提供者,197
provide,…に与える,198
robbery,強盗,199
Scotland Yard,ロンドン警視庁,200
theft,窃盗罪,201
wanted,指名手配中の,202
whereabouts,居場所,203
alley,路地,204
delivery,配達,205
fireenginer,消防車,206
park (動詞),…を駐車する,207
prevent,…を妨げる,208
van,運搬用の車,209
yell,叫ぶ,210
chronic,慢性の,211
confess,…を告白する,212
cure,…を治す,213
dramatically,劇的に,214
fatigue,疲労,215
herbal,薬草の,216
highly,とても,217
peculiar,奇妙な,218
remedy,治療（法）,219
sense (名詞),…感，意味,220
suspicious,疑っている,221
advice,忠告,222
conclusion,結論,223
context,前後関係,224
memorize,…を記憶する,225
offer,…を差し出す,226
phrase,句，言い回し,227
piece,（（不可算名詞に用い））一つ,228
sentence,文，判決,229
separately,別々に,230
whole,…全体,231
biology,生物学,232
birth,誕生,233
breast,胸,234
explain,説明する,235
feed,…に食べ物を与える,236
female,雌の,237
generally,一般的に,238
lay,…を横たえる,239
mammal,ほ乳動物,240
expensive,高価な,241
fiance,婚約者,242
gorgeous,豪華な,243
jewel,宝石,244
possess,…を所有する,245
token,しるし,246
definition,定義,247
instruction,指示,248
manual,手引き書,249
reference,参考,250
term,専門用語,251
unfamiliar,馴染みがない,252
curiosity,好奇心,253
furious,かんかんに怒った,254
implicit,暗にほのめかされた,255
insult,侮辱,256
mere,単なる,257
personal,個人の，個人的な,258
slightly,少し,259
-faced,…な顔をした,260
alert,機敏な,261
command(動詞),命令する,262
cost(動詞),（費用が）かかる,263
grim,いかめしい,264
hesitation,ためらい,265
sergeant,軍曹,266
wrath,怒り,267
joyful,とても楽しい,268
kindergarten,幼稚園,269
lively,元気の良い,270
merry,楽しい,271
NewYear,正月，新年,272
wish,…に…がもたらされることを願う,273
dishonest,不誠実な,274
glad,嬉しい,275
mistaken,間違った,276
Mr.Right,理想の男性,277
sincere,誠実な,278
smart,頭の良い,279
devastate,…を徹底的に破壊する,280
establish,…を設立する,281
fund,基金,282
homeless,ホームレスの,283
leave,…を…のままにしておく,284
numerous,多数の,285
quake,地震,286
relief,救済，安堵,287
victim,犠牲者,288
dentist,歯医者,289
divorce,離婚,290
engaged,婚約している，手がふさがって,291
finger,指,292
lawyer,弁護士,293
marry,…と結婚する,294
hurry,急ぐこと,295
bead,玉,296
beer,ビール,297
drip,したたる,298
Fahrenheit,華氏,299
forehead,額（ひたい）,300
mutter,つぶやく,301
register,…を示す，…を登録する,302
sweat,汗,303
thermometer,温度計,304
communicate,意思を伝える,305
extent,程度,306
practice (動詞),…の練習をする,307
bow,お辞儀をする,308
mess（a〜）,散らかった状態,309
place (名詞),場所,310
spare,…をとりおく,311
thank,…に感謝する,312
chatter,おしゃべりをする,313
chatterbox,おしゃべり人間,314
could,…できるであろう，…する可能性がある,315
drive,…を〜にする,316
eternal,永遠の,317
frown,顔をしかめる,318
nerve,神経,319
nobody,誰も…ない,320
ample,十分な,321
assign,…を割り当てる,322
challenging,やりがいはあるが困難な,323
complex,複雑な,324
consider,…を見なす，…を考慮する,325
experience,経験,326
suited,（仕事に）適した,327
task,仕事,328
troubleshooter,紛争の解決者,329
act,制定法，行為,330
announce,…を発表する,331
commerce,通商,332
compete,競争する,333
counterpart,同じ機能［立場］のもの,334
domestic,国内の,335
equal(形容詞),等しい,336
foreign,外国の,337
mill,製造所,338
prime,第一の,339
steel,鋼鉄,340
accept,…を受け入れる,341
agree,同意する,342
convince,…を納得させる,343
flatly,きっぱりと,344
outcome,結果,345
preliminary,予備的な,346
reject,…を拒絶する,347
talks,交渉,348
bold,大胆な,349
conservative,保守的な,350
healthcare,医療,351
leadership,指導陣，指導力,352
persuade,…を説得する,353
radical,急進的な,354
reformer,改革者,355
allow,…を許す,356
around,約…,357
cargo,貨物,358
charge(名詞),料金,359
condition,条件，状況,360
freight,貨物,361
harbor,港,362
transport,…を輸送する,363
vessel,大型の船,364
battery,電池,365
beside,…の隣に,366
checkout,精算カウンター,367
encourage,…を励ます,368
impulse,衝動,369
shopper,買い物客,370
usually,いつも,371
comprehension,理解（力）,372
conversational,会話の,373
education,教育,374
emphasis,強調,375
ministry,省,376
place (動詞),…を置く,377
skill,技能,378
ache,痛み,379
cancer,ガン,380
injection,注射,381
lung,肺,382
medicine,薬，医学,383
organ,器官,384
spread,広がる,385
exquisite,実に見事な,386
furnish,…に備え付ける,387
furniture,家具,388
mansion,大邸宅,389
polish,…を磨く,390
servant,使用人,391
shine,輝く,392
building,建物,393
clue,手がかり,394
detective,探偵，刑事,395
imaginary,架空の,396
imaginative,想像力豊かな,397
kid(名詞),子供,398
mystery,謎，ミステリー,399
private,私的な,400
search,…を捜す,401
shrewd,明敏な,402
solve,…を解く,403
vacant,空いている,404
crack（名詞）,ひび,405
leak,漏れる,406
mend,…を直す,407
rainy,雨降りの,408
shed,小屋,409
tool,道具,410
era,時代,411
feudal,封建制の,412
nor,また…も〜ない,413
part-time,アルバイトで,414
permit,…に許可する,415
but（前置詞）,…を除き,416
choice,選択,417
grasp,…をしっかりとつかむ,418
intimidate,…を威嚇する,419
lapel,前襟の折り返し,420
obey,…に従う,421
fix,…を修理する,422
flattire,パンクしたタイヤ,423
oneself （副詞）,自分で，自ら,424
pound (名詞),（（通貨））ポンド,425
repair （動詞）,…を修理する,426
burglar,強盗,427
drugstore,ドラッグストア,428
install,…を取り付ける,429
precaution,予防措置,430
surveillance,監視,431
campaign,（政治・社会的）運動,432
firm(名詞),会社,433
manufacture,…を製造する,434
nationwide,全国規模の,435
project,計画，事業,436
recycle,…をリサイクルする,437
celebrity,有名人,438
contempt,軽蔑,439
fellow,同僚の,440
professor,教授,441
scholar,学者,442
but（副詞）,ただの…,443
cliff,崖,444
edge,端,445
horror,ぞっとする思い,446
slip,滑る,447
toddler,よちよち歩きの赤ん坊,448
vertical,垂直な,449
background,背景,450
bullet,弾丸,451
derive,…を引き出す,452
muse,思いにふける,453
pleasure,喜び,454
curb(名詞),道路の縁（石）,455
curse,ののしる,456
drunken,酔った,457
elbow,肘,458
stumble,つまずく,459
swear,ののしる,460
trash can,ゴミ箱,461
betray,…を裏切る,462
factory,工場,463
foreman,工場長,464
owner,所有者,465
division,部課,466
dominant,支配的な,467
fiscal,財政上の,468
high-ranking,高い階級の,469
official,役人,470
policy,政策,471
role,役割,472
shape,…を形作る,473
cathedral,大聖堂,474
chapel,礼拝堂,475
choir,聖歌隊,476
hymn,賛美歌,477
Lord,（キリスト教の）主,478
shepherd,羊飼い,479
wander,ぶらつく,480
emergency,緊急,481
faction,派閥,482
hostile,敵意のある,483
internal,内部の,484
party,政党，一団，当事者,485
reconcile,…を和解［調和］させる,486
ruling (形容詞),支配［統治］している,487
session,会合,488
sharply,鋭く,489
split,…を分裂させる,490
strife,争い,491
architecture,建築,492
freshman,新入生,493
literature,文学,494
major(動詞),専攻する,495
sophomore,（大学の）２年生,496
abortion,中絶,497
Catholic,カトリック教徒,498
circumstance,状況,499
devout,信仰心の厚い,500
beneficial,有益な,501
chapter,章,502
exercise,運動,503
following(形容詞),次の,504
influence,影響,505
mainly,主に,506
moderate,適度な,507
well-being,幸福感,508
consistent,首尾一貫した,509
create,…を生み出す,510
effort,努力,511
fair,公正な,512
just(形容詞),公正な,513
organization,組織,514
praise,…をほめる,515
racism,人種差別,516
sexism,性差別,517
society,社会,518
voluntary,ボランティアの，任意の,519
analyze,…を分析する,520
headquarters,本部，本社,521
process (動詞),…を加工・処理する,522
result,結果,523
survey,調査,524
transmit,…を送信する,525
contain,…を含む,526
credit,信用,527
essential,必要不可欠な,528
purse,ハンドバッグ,529
rob,…から強奪する,530
wallet,財布,531
economic,経済の,532
Japanese（the〜）,日本人,533
mock,…を馬鹿にする,534
nation,国家，国民,535
overseas,海外に,536
preoccupied,そのことだけで頭がいっぱいで,537
prosperity,成功，繁栄,538
workaholic,仕事中毒の人,539
fine(動詞),…に罰金を課す,540
licens,免許（証）,541
mph,時速…マイル,542
nearly,ほぼ,543
reckless,向こう見ずな,544
speed (動詞),スピードを出して走る,545
suspend,…を一時停止にする,546
access,アクセス,547
before(副詞),以前に,548
collapse,崩壊,549
communist,共産主義の,550
deny,…を否定する,551
information,情報,552
regime,政治体制,553
advantageous,有利な,554
corporate,会社の,555
exceptional,例外的な,556
geographical,地理的な,557
innovative,革新的な,558
position,位置，立場,559
possible,可能な,560
strategy,戦略,561
success,成功,562
burden,重荷,563
envious,うらやましい,564
for(接続詞),というのは…だからだ,565
indispensable,必要不可欠な,566
nuisance,迷惑,567
column,円柱,568
crater,地面の穴,569
erupt,噴火する,570
flow,流れる,571
huge,巨大な,572
lava,溶岩,573
several,いくつかの,574
vapor,蒸気,575
volcano,火山,576
volume,量,577
crack（動詞）,…をこじ開ける,578
discover,…を発見する,579
fire(動詞),…を首にする,580
hire,…を雇う,581
janitor,用務員,582
merely,単に,583
safe (名詞),金庫,584
steal,…を盗む,585
valuable (名詞),貴重品,586
arrest,…を逮捕する,587
assault,暴行,588
delinquent,法律違反者,589
expel,…を追放する,590
juvenile,青少年の,591
shoplift,万引きをする,592
vandalism,（公共物の）破壊,593
crude,天然のままの,594
desert,…を（見）捨てる,595
formerly,以前は,596
miner,鉱山労働者,597
primitive,原始的な,598
slave,奴隷,599
surroundings,環境,600
courtesy,礼儀,601
firm(形容詞),しっかりとした,602
furthermore,その上さらに,603
none,どれ［誰］も…ない,604
utter,（ことばを）発する,605
youngster,若者,606
finally,最後には,607
instead,その代わりに,608
row,口論，列,609
terrible,ひどい,610
terrific,素晴らしい,611
trifle,些細な事,612
vacation,休暇,613
besides,…に加え,614
consumption,消費,615
electricity,電気,616
income,収入,617
mortgage,（住宅）ローン,618
tax,税金,619
citizen,市民,620
creed,信条,621
meet,（要求を）満たす,622
needs,必要なもの，ニーズ,623
public,公的な，公共の,624
race,人種，民族,625
social,社会的［社交的］な,626
status,地位,627
book(動詞),…を予約する,628
fully,完全に,629
reserve,…を予約する,630
abolish,…を廃止する,631
error,間違い,632
essay,作文,633
paper,答案用紙，新聞,634
penalty,刑罰,635
spelling,綴り,636
aim,目標,637
expense,費用,638
goal,目標,639
main,主要な,640
minority,少数派,641
opportunity,機会,642
priority,優先（事項）,643
pursue,…を追い求める,644
short-term,短期的な,645
ultimate,最終的な,646
admiral,海軍司令官,647
battle,戦い,648
decisive,勝敗を決する,649
imperial,帝国の,650
navy,海軍,651
odds,可能性,652
overwhelming,圧倒的な,653
skillful,巧みな,654
tactics,戦術,655
win,（戦いに）勝つ,656
declare,…を宣言する,657
duty,任務,658
earnest,生真面目な,659
ensure,確実に…となるようにする,660
inflexible,融通の利かない,661
law,法律,662
offense,法律違反,663
officer,警官，役人,664
overlook,…を見落とす,665
trivial,ささいな,666
brand-new,新品の,667
motorcycle,バイク,668
purchase,…を買う,669
repeat,…を繰り返す,670
request,依頼,671
resolve,…を固く決意する，…を解決する,672
yield,屈する,673
anniversary,記念日,674
apparently,どうやら,675
border,国境,676
celebrate,…を祝う,677
coincide,一致する,678
festival,お祭り,679
incident,事件,680
independence,独立,681
intend,…を意図する,682
black,黒人の,683
delight,大喜び,684
elect,…を選出する,685
former,以前の,686
population,人口,687
president,大統領,688
prisoner,囚人,689
shriek,甲高い叫び声,690
attempt,試み,691
futile,無駄な,692
peaceful,平和な,693
regional,地域の,694
reveal,…を明らかにする,695
solution,解決方法,696
UN （the 〜）,国連,697
warfare,戦争,698
weakness,弱点,699
diaper,おむつ,700
infant,幼児,701
infinite,無限の,702
patience,忍耐力,703
spill,…をこぼす,704
tiring,疲れるような,705
wipe,…をぬぐう,706
business,商売,707
join,…に加わる,708
shop (動詞),買い物をする,709
urgent,至急の,710
build,…を建設する,711
central,中央の,712
disposal,処分,713
government,政府,714
independent,独立した,715
municipal,地方自治体の,716
selection,選ぶこと,717
site,用地,718
waste,廃棄物,719
cigarette,たばこ,720
direction,方向,721
light(動詞),…に火をつける,722
opposite,反対の,723
ponder,じっくりと考える,724
trot,早足で歩く,725
apparatus,器具,726
chemistry,化学,727
complicated,複雑な,728
diagram,図形,729
formula,（数学・化学の）式,730
illustrate,…を具体的に説明する,731
laboratory,実験室,732
meaning,意味,733
luggage,荷物,734
square,広場,735
trace,跡形,736
tranquil,静かな,737
vanish,消える,738
while (名詞),時間,739
active,活動的な,740
approach(動詞),…に近づく,741
fall,…になる,742
greatgrandfather,曾祖父,743
longevity,長寿,744
dawn,夜明け,745
dusk,夕暮れ時,746
empty-handed,手ぶらで,747
locally,当地で,748
missing,行方不明の,749
organize,…を組織する,750
rescue,救助,751
confine,…を閉じ込める,752
curb(動詞),…を抑制する,753
discuss,…を議論する,754
evasion,回避,755
interrupt,…の邪魔をする,756
statement,発言,757
subject,話題，テーマ,758
awfully,ひどく,759
courageous,気丈な,760
exhibit,…を表に出す,761
grief,深い悲しみ,762
learn,…を知る,763
presence,（ある場所に）存在すること,764
upset,心が動揺して,765
yet,しかし,766
acquire,…を取得する,767
china,陶磁器,768
distant,遠い,769
fortunate,幸運な,770
ornament,装飾品,771
pawnshop,質屋,772
relative,親戚,773
run,…を運営［経営］する,774
valuable (形容詞),貴重な,775
kitten,子猫,776
puppy,子犬,777
responsible,責任がある,778
breath,息,779
groan,うめく,780
pant,息を切らす,781
puff,ぜいぜいと息を切らす,782
anxious,切望している，心配している,783
decide,…を決める,784
ticket,切符,785
chore,雑用,786
eager,熱心な,787
grow,…になる,788
household,所帯の,789
housewife,主婦,790
monotonous,単調な,791
seek,…を見つけようとする,792
stimulating,刺激的な,793
weary,うんざりした,794
boss,上司,795
impossible,不可能な,796
offend,…の感情を害する,797
please (動詞),…を喜ばせる,798
rather,かなり,799
badly,悪く,800
condo,マンション,801
desire,…を望む,802
honest,正直な,803
locate,（建物などを）置く,804
price,値段,805
relatively,比較的に,806
phone （名詞）,電話,807
photocopy,コピーする,808
serve,（飲食物を客に）出す,809
truth,本当のこと,810
ability,能力,811
fluently,流暢に,812
linguistic,言語の,813
proud,誇り［自慢］に思う,814
remarkable,際だった,815
secretary,秘書,816
dense,濃い,817
fog,霧,818
motorist,車の運転者,819
restrict,…を制限する,820
sign (名詞),標識,821
traffic light,信号,822
visibility,視界,823
alleged,称されている,824
forbid,…を禁ずる,825
ivory,象牙,826
lumber,木材,827
per,１…当たり,828
smuggler,密輸者,829
circulate,…を広める,830
dismiss,…を解雇する,831
employee,従業員,832
employer,雇用者,833
grudge,恨み,834
malicious,悪意のある,835
rumor,噂,836
complaint,不満，苦情,837
customer,客,838
exclusively,もっぱら,839
illness,病気,840
induce,…を引き起こす,841
long-term,長期にわたる,842
mental,精神［心］の，知的な,843
psychiatrist,精神科医,844
stress,ストレス，抑圧,845
cultural,文化の,846
generation,世代,847
hand(動詞),…を手渡す,848
heritage,文化的な遺産,849
importance,重要性,850
likewise,同様に,851
most（副詞）,極めて,852
preserve,…を維持［保持］する,853
traditional,伝統的な,854
utmost,この上ない,855
buck,ドル,856
cash,現金,857
interest,利子,858
lend,…に…を貸す,859
mind,…に差し支えがある，…に気をつける,860
owe,…を借りている，…を負っている,861
gamble,ギャンブルをする,862
pledge,誓い,863
solemn,真剣な,864
violate,（約束を）破る,865
vow,誓い,866
avoid,…を避ける,867
high-calorie,高カロリーの,868
lose,…を失う，（試合に）負ける,869
meal,食事,870
weight,体重,871
ambitious,野心的な,872
ascend,登る,873
banish,…を国外に追放する,874
conquer,…を征服する,875
escape,逃れる,876
execute,…を処刑する,877
general（名詞）,将軍,878
kingdom,王国,879
monarch,君主,880
throne,王位,881
excellent,素晴らしい,882
self-righteous,独善的な,883
admit,…を認める,884
afterward,後になって,885
conscience,良心,886
conspiracy,共謀,887
murder,殺人,888
originally,当初は,889
suspect (名詞),容疑者,890
calm,穏やかな,891
foul,汚い,892
imagine,…を想像する,893
insane,気が狂った,894
language,言語,895
refined,洗練された，上品な,896
temporarily,一時的に,897
vulgar,下品な,898
advantage,有利,899
object (動詞),反対の意思を表す,900
one (代名詞),人,901
remember,…を覚えている,902
treat,…を扱う，…を治療する,903
beat,繰り返し打つ,904
interview（名詞）,面接,905
nervous,緊張して,906
tense,緊張した,907
throat,喉,908
while (接続詞),…している間に，…である一方で,909
particular,好みがうるさい，特定の,910
tie,ネクタイ,911
consultant,コンサルタント,912
face(動詞),…に面する,913
mode,方法,914
modify,…を修正する,915
operation,運営，手術,916
present (形容詞),現在の，出席している,917
reflect,…を反映する,918
review,…を調べる,919
emphasize,…を強調する,920
increase（動詞）,…を増加させる,921
necessity,必要性,922
physicist,物理学者,923
primary school,小学校,924
quality,品質,925
respect （動詞）,…を尊敬する,926
science,科学,927
secondary school,中等学校,928
arrangement,配置,929
ceremony,儀式,930
insist,主張・要求する,931
ritual,儀式,932
conduct(名詞),行為,933
contradictory,矛盾した,934
elaborate,手が込んだ,935
excuse,言い訳,936
justify,…を正当化する,937
reproach,非難,938
respond,反応する,939
submissively,服従して,940
accustomed,慣れている,941
case,場合,942
delicate,繊細な,943
handle,…を扱う,944
worry（動詞）,心配する,945
authority,権威，当局,946
distinguished,高名な,947
fable,寓話,948
folk,民衆の,949
legend,伝説,950
myth,神話,951
noted,有名な,952
philosopher,哲学者,953
tale,話,954
commit,（罪を）犯す,955
contemplate,…をじっくり考える,956
depth,深み,957
despair,絶望,958
prospect,見通し,959
regain,…を取り戻す,960
reputation,評判,961
suicide,自殺,962
decline（名詞）,低下,963
denounce,…を非難する,964
effective,効果的な,965
gradual,徐々の,966
measure,措置,967
premier,首相,968
reverse,…を逆転させる,969
standard,水準,970
dozen,ダース,971
heavy,量が多い,972
pull up,（車が）止まる,973
railroad,鉄道,974
sightseeing,観光,975
tourist,観光客,976
traffic,往来,977
adventure,冒険,978
castle,城,979
excite,…を興奮させる,980
float,浮かぶ,981
hide,…を隠す,982
hunt,狩りをする，捜す,983
neutral,中立の,984
penetrate,…に潜入する,985
territory,領土,986
treasure,宝物,987
bush,低木,988
emerge,現れる,989
monster,化け物,990
mud,泥,991
nightmare,悪夢,992
terrify,…を怯えさせる,993
trap,…を身動きできないようにする,994
ugly,醜い,995
aide,補佐官,996
close(形容詞),接近した,997
committee,委員会,998
election,選挙,999
fraud,不正,1000
governor,知事,1001
hastily,急いで,1002
investigate,調査する,1003
involve,…を巻き込む,1004
approach(名詞),対処法,1005
competent,有能な,1006
confront,…に立ちはだかる,1007
elementary,初級の,1008
novel(形容詞),新奇な,1009
perpetual,永続的な,1010
principal (名詞),校長,1011
problem,問題,1012
sensible,理にかなった,1013
ban,…を禁止する,1014
deliberate,…を審議する,1015
firearm,小型の火器,1016
implement,…を実行する,1017
lawmaker,立法府の議員,1018
legislation,法律,1019
possession,所有,1020
conservation,保護,1021
entirely,完全に,1022
perspective,観点,1023
regarding,…に関して,1024
view,見解,1025
casual,気軽な,1026
concerning,…に関して,1027
criticism,批判,1028
dismay,ショック,1029
ethnic,民族の,1030
mayor,市長,1031
outrage,激怒,1032
provoke,…を引き起こす,1033
remark （名詞）,発言,1034
side,側,1035
detest,…をひどく嫌う,1036
dictator,独裁者,1037
funny,面白い,1038
historian,歴史家,1039
hypocrisy,偽善,1040
inspire,…を生じさせる,1041
pretend,…というふりをする,1042
satire,風刺,1043
critical,物事を批評できる,1044
cultivate,…を育む,1045
develop,…を発達させる,1046
educational,教育の,1047
faculty,能力,1048
focus,焦点,1049
introduce,…を導入する，…紹介する,1050
newly,新しく,1051
principal (形容詞),主要な,1052
program,計画，プログラム,1053
pupil,児童,1054
area,地域,1055
bury,…を埋める,1056
contaminate,…を汚染する,1057
drain,…を排水する,1058
likely,可能性が高い,1059
resident,居住者,1060
soil,土壌,1061
swamp,沼地,1062
withhold,…を与えずにおく,1063
accommodate,…を収容する,1064
attack,攻撃,1065
base,基地,1066
design,…を意図する,1067
facility,施設,1068
including,…を含め,1069
military,軍隊の,1070
nuclear,核（兵器）の,1071
separate,別々の,1072
silo,格納庫,1073
underground,地下,1074
various,さまざまな,1075
withstand,…に耐える,1076
arithmetic,算数,1077
calculation,計算,1078
divide,…を分ける,1079
equal(動詞),…に等しい,1080
example,例,1081
multiply,…を掛ける［乗ずる］,1082
point,小数点,1083
remainder,余り,1084
construction,建設,1085
cut(名詞),削減,1086
expenditure,歳出,1087
hardship,苦難,1088
industry,産業，業界,1089
revenue,歳入,1090
similarly,同様に,1091
affluent,豊かな,1092
developed,発達した,1093
import（名詞）,輸入,1094
impose,…を課す,1095
invade,…に侵入する,1096
mostly,大部分は，大半は,1097
neighbor,近所の人,1098
occupy,…を占領する,1099
restriction,制限,1100
sanction,制裁,1101
adolescence,思春期,1102
joy,喜び,1103
photo,写真,1104
remind,…に思い出させる,1105
sorrow,悲しみ,1106
device,装置,1107
electronic,電子の,1108
endeavor,懸命な努力,1109
engineer,技術者,1110
epoch-making,画期的な,1111
hard-working,勤勉な,1112
invent,…を発明する,1113
-year-old,…歳の,1114
custody,養育権,1115
fight,…を戦う,1116
neither,どちらも…ない,1117
developing,発展途上の,1118
disabled,体の不自由な,1119
humble,控えめな,1120
priest,聖職者,1121
favorite,最も気に入っている,1122
stout,肉付きの良い,1123
theme,テーマ,1124
tune,曲,1125
underwear,下着,1126
waist,腰,1127
whistle,口笛を吹く,1128
wrap,…を巻く,1129
coast,沿岸,1130
head(動詞),向かう,1131
land,土地,1132
Mediterranean,地中海,1133
native,生まれ故郷の,1134
chase,…を追う,1135
dumptruck,ダンプカー,1136
lobby,玄関広間,1137
pace (動詞),ゆっくり歩く,1138
worried,心配した,1139
attention,注意,1140
attire,服装,1141
blunder,へま,1142
deliberately,わざと,1143
distract,…をそらす,1144
flatter,…にお世辞を言う,1145
pray,祈る,1146
astronaut,宇宙飛行士,1147
dumb,口がきけない,1148
launch,打ち上げ,1149
second,秒,1150
spacecraft,宇宙船,1151
spectacular,壮観な,1152
strike,…を…の状態にする,1153
viewer,見物人,1154
completely,完全に,1155
flip,ひっくり返る,1156
freeway,高速道路,1157
load(動詞),…に積む,1158
obstruct,…をふさぐ,1159
onto,…の上へ,1160
sack,袋,1161
skid,横滑りする,1162
slippery,滑りやすい,1163
wheat,小麦,1164
absorb,…を吸収する,1165
childish,子供っぽい,1166
frequently,頻繁に,1167
notice,気づく,1168
prank,いたずら,1169
sneak,静かに歩く,1170
startle,…をびくっとさせる,1171
tap,…をポンと叩く,1172
accompany,…に付き添う,1173
apologize,謝罪する,1174
behavior,振る舞い,1175
naughty,やんちゃな,1176
rudeness,不作法,1177
strict,厳しい,1178
teachers' room,職員室,1179
attorney,弁護士,1180
defendant,被告人,1181
embrace,…を抱きしめる,1182
expect,を予期する,1183
guilty,有罪である,1184
jury,陪審（員団）,1185
return,（評決を）下す，戻る，…にお返しをする,1186
unanimous,全員一致の,1187
verdict,判決,1188
weep,しくしく泣く,1189
bride,花嫁,1190
bridesmaid,花婿の付添人,1191
congratulation,祝い,1192
follow,…に続く,1193
groom,花婿,1194
propose,…を申し出る［提案する］,1195
telegram,電報,1196
toast,乾杯,1197
compare,…を比較・対比する,1198
considerate,思いやりがある,1199
grumble,愚痴を言う,1200
ready,準備が出来ている,1201
whenever,…する時はいつでも,1202
battleship,戦艦,1203
distance,遠くの場所,1204
fisherman,漁師,1205
gunboat,戦艦,1206
island,島,1207
resemble,…に似ている,1208
rocky,岩［石］の,1209
somewhat,ある程度,1210
tiny,とても小さい,1211
board,重役グループ,1212
CEO,最高経営責任者,1213
disposition,性格,1214
judge(動詞),判断する,1215
optimistic,楽観的な,1216
pessimistic,悲観的な,1217
quote,…のことばを引用する,1218
speech,話,1219
fairly,まずまず,1220
figure,数字,1221
growth,成長,1222
improvement,改善,1223
market,市場,1224
quarter,四半期，15分,1225
room,余地,1226
amount,量,1227
considerable,かなりの,1228
deposit,預金,1229
landowner,地主,1230
most（代名詞）,大半,1231
saving,節約，貯金,1232
wealthy,裕福な,1233
withdraw,…を引き出す,1234
dedicated,打ち込んでいる,1235
delighted,とても嬉しい,1236
past (形容詞),過去の,1237
progress,進歩,1238
promising,（将来）有望な,1239
steady,着実な,1240
train,…を訓練する,1241
blood,血,1242
consciousness,意識,1243
male,男,1244
nurse,看護士,1245
recover,回復する,1246
sight,見ること,1247
soldier,兵士,1248
wound,…を負傷させる,1249
astonishing,びっくりな,1250
athletic,運動競技の,1251
feat,偉業,1252
genius,天才,1253
margin,差,1254
perform,…を行う［果たす］,1255
assure,…を確約する,1256
cruel,残酷な,1257
frantic,狂乱した,1258
kidnapper,誘拐犯,1259
prepared,準備ができている,1260
ransom,身代金,1261
release,…を解放する，…を発表する,1262
worry（名詞）,心配,1263
borrow,…を借りる,1264
devil,悪魔,1265
exclaim,叫ぶ,1266
rotten,腐った,1267
sly,ずる賢い,1268
suppress,…を抑える,1269
close(動詞),…を閉じる,1270
fold,…を折りたたむ,1271
lonely,孤独な,1272
-odd,…余りの,1273
assemble,…を組み立てる,1274
equipment,装置,1275
opening night,初演の夜,1276
staff,職員，スタッフ,1277
stage,舞台,1278
chirp,鳴く,1279
cricket,コオロギ,1280
curious,好奇心旺盛な,1281
gaze,じっと見つめる,1282
leap,跳ぶ,1283
puddle,水たまり,1284
crime,犯罪,1285
decrease,減少する,1286
district,区域,1287
increase（名詞）,増加,1288
latest,最新の,1289
statistics,統計,1290
urban,都市の,1291
Antarctic,南極の,1292
conduct(動詞),…を行う,1293
daring,大胆な,1294
doubt,…を疑う,1295
expedition,探検旅行,1296
explorer,探検家,1297
formidable,非常に手強い,1298
obstacle,障害,1299
overcome,…を克服する,1300
successful,成功している,1301
cheat,不正をする,1302
continue,…を続ける,1303
improve,…を改善する,1304
score,点数,1305
suspect (動詞),…ではないかと疑う,1306
brightly,明るく,1307
colored,色の付いた,1308
comfortable,快適な,1309
elderly,年配の,1310
recommend,…を勧める,1311
suit,…に合う,1312
taste (名詞),好み,1313
annual,年１回の,1314
care,世話,1315
devote,…を捧げる,1316
distress,苦悩,1317
ease,…を和らげる,1318
needy,困窮した,1319
refugee,難民,1320
request,…を依頼する,1321
resource,資金,1322
study,調査,1323
afford,…の余裕がある,1324
apartment,アパート,1325
decent,まともな,1326
dweller,住人,1327
frustrated,不満である,1328
own (動詞),…を所有する,1329
rent,…を賃借する,1330
bill,法案,1331
bitterly,ひどく,1332
delegate,代表者,1333
disappointed,落胆した,1334
endanger,…を危険・危機にさらす,1335
extinction,絶滅,1336
majority,大半,1337
protect,…を保護する,1338
shocked,ショックを受けた,1339
species,種（しゅ）,1340
vote,投票を行う,1341
barren,不毛の,1342
basic,基本的な,1343
concept,概念,1344
familiar,馴染みのある,1345
field,畑,1346
irrigation,灌漑,1347
peasant,小作農,1348
toil,つらい労働をする,1349
trouble,困った点,1350
exchange（動詞）,…を交換する,1351
greeting,挨拶,1352
seldom,めったに…しない,1353
terms,間柄，条件,1354
court,裁判所,1355
inform,…に知らせる,1356
inquiry,問い合わせ,1357
pleased,喜んでいる,1358
recent,最近の,1359
settle,…に決着をつける,1360
amply,十分に,1361
assembly,集まり,1362
diligent,勤勉な,1363
pride,誇り，自慢,1364
reward,…に報いる,1365
accountant,会計士,1366
assistant,助手,1367
books,帳簿,1368
item,項目,1369
obvious,明らかな,1370
order (動詞),…に命じる,1371
cancel,…を取り消す,1372
charge(動詞),…を課す，…を告訴する,1373
choose,…を選ぶ,1374
clothes,服,1375
fee,謝礼,1376
right (形容詞),正しい，ふさわしい,1377
uncertain,確信がない,1378
electrical,電気の,1379
failure,失敗，停止,1380
instrument,道具，計器,1381
manually,手動で,1382
maybe,たぶん,1383
operate,…を操作する,1384
panel,（計器）盤,1385
wrong (形容詞),間違った,1386
cab,タクシー,1387
collision,衝突,1388
intervene,介入する,1389
minor,重要でない,1390
passenger,乗客,1391
quarrel,口論する,1392
streetcar,路面電車,1393
advance,前進する,1394
ordinary,普通の,1395
rapidly,速く,1396
technology,科学技術,1397
competitive,競争力がある,1398
development,開発,1399
research,研究,1400
substantial,かなりの,1401
sum,金額,1402
beyond,…を越えて,1403
comparison,比較・対比,1404
landscape,風景,1405
paddy field,水田,1406
rural,いなかの,1407
scenery,風景,1408
Asian,アジアの,1409
characteristic,特徴,1410
Chinese,中国人の,1411
describe,…を（説明的に）述べる,1412
cuisine,料理,1413
extensive,広範囲の,1414
impress,…を感心させる,1415
knowledge,知識,1416
oriental,東洋の,1417
others,他人,1418
award（名詞）,賞,1419
director,映画監督,1420
express,…を表現する,1421
gratitude,感謝の気持ち,1422
present (動詞),…に授与する,1423
wonderful,素晴らしい,1424
broadcast,…を放送する,1425
charity,慈善基金,1426
donate,…を寄付する,1427
dying,死にかけた,1428
misery,悲惨な状態,1429
sympathy,同情,1430
crucial,極めて重要な,1431
destiny,運命,1432
determine,…を決定する,1433
inquire,尋ねる,1434
moment,瞬間,1435
particularly,特に,1436
realize,…に気がついている,1437
Secretary （the 〜）,長官,1438
whatever,何であれ全て，どんな…も全て,1439
pal,友達,1440
vigorous,活発な,1441
welcome,…を歓迎する,1442
whoever,…は誰でも,1443
ancient,古代の,1444
capital,首都,1445
lie(動詞),横たわる,1446
shrine,神社,1447
some,およそ,1448
temple,寺,1449
demand（名詞）,需要,1450
economics,経済学,1451
excess,過剰,1452
general（形容詞）,全般的・一般的な,1453
goods,商品,1454
rise (名詞),上昇,1455
supply,供給,1456
textbook,教科書,1457
civilization,文明,1458
cover,…の範囲をカバーする,1459
factor,要素,1460
glory,栄華,1461
i.e.,すなわち,1462
less,より…でない，より少ない,1463
masses（the〜）,大衆,1464
omit,…を省略する,1465
phase,局面,1466
prominent,目立った,1467
psychology,心理,1468
thesis,論文,1469
triumph,際だった成功,1470
chemical,化学的な,1471
creature,生物,1472
depend,依存する,1473
element,要素,1474
exist,存在する,1475
existence,生存,1476
hydrogen,水素,1477
living,生きている,1478
oxygen,酸素,1479
without,…なしに,1480
astronomer,天文学者,1481
evolve,発達する,1482
explosion,爆発,1483
massive,巨大な,1484
theory,理論,1485
universe （the 〜）,宇宙,1486
add,…を足す,1487
address(動詞),…に話しかける,1488
bar(動詞),…の行為を妨げる,1489
clergyman,聖職者,1490
fuel,燃料,1491
ground,根拠，理由,1492
political,政治の,1493
rally,政治集会,1494
revolt,暴動，反乱,1495
revolutionary,革命の,1496
sentiment,感情,1497
cell,細胞,1498
certain,某，確信している,1499
destroy,…を破壊する,1500
disease,病気,1501
fatal,致命的な,1502
medical,医学の,1503
rare,まれな,1504
scientist,科学者,1505
specific,特定の,1506
virus,ウィルス,1507
bronze,青銅,1508
democracy,民主主義,1509
erect,…を建てる,1510
heroic,英雄的な,1511
immense,巨大な,1512
memorial,記念碑,1513
sacrifice,…を犠牲にする,1514
statesman,政治家,1515
statue,像,1516
abuse,濫用,1517
addict,中毒者,1518
aware,気づいている,1519
concerned,懸念した,1520
danger,危険,1521
deeply,深く,1522
drug,麻薬,1523
grave,非常に深刻な,1524
million,百万,1525
potential,潜在的な,1526
abolition,廃止,1527
capable,能力がある,1528
destruction,破壊,1529
march,行進,1530
participate,参加する,1531
peace,平和,1532
weapon,兵器,1533
British,英国（人）の,1534
Congress,議会,1535
consist,成り立つ,1536
correspond,一致する,1537
Diet(the〜),国会,1538
House(the〜),（米国の）下院,1539
Parliament,議会,1540
Senate （the 〜）,上院,1541
body,団体,1542
chemist,化学者,1543
engineering,工学,1544
experiment,実験,1545
genetic,遺伝子の,1546
hypothesis,仮説,1547
religious,信心深い,1548
resent,…に憤慨する,1549
ecology,生態,1550
far-reaching,広範囲にわたる,1551
implication,（将来的な）影響,1552
mysterious,不思議な,1553
observe,…を目にする，…だと述べる，…を守る,1554
phenomenon,現象,1555
region,地域，地区,1556
address(名詞),住所,1557
attach,…を添付する,1558
blank,空欄,1559
confirm,…を確認する,1560
form(名詞),（書き込み）用紙,1561
relevant,関連のある,1562
save,…を省く，…を救う,1563
signature,署名,1564
accuse,…を非難する,1565
liar,嘘つき,1566
selfish,利己的な,1567
event,催し物,1568
formal,公式な,1569
schedule,予定,1570
benefit,給付,1571
deserve,…に値する,1572
single,独身の,1573
welfare,福祉,1574
conform,合わせる,1575
require,…を要求する,1576
amuse,…を楽しませる,1577
chuckle,くすくすと笑う,1578
desperate,必死の,1579
dialect,方言,1580
imitate,…をまねる,1581
teenage,十代の,1582
damage,損害,1583
fault,（失敗の）責任，欠点,1584
indignant,憤慨した,1585
obligation,義務,1586
tone,調子,1587
arouse,…をかき立てる,1588
cause(名詞),原因,1589
feminist,男女同権主義の,1590
peer,仲間,1591
self-interest,利己主義,1592
widespread,広範囲に渡る,1593
department,部，課,1594
deputy,代理,1595
generalmanager,部長，室長，支店長,1596
promote,…を昇進させる，…を促進する,1597
intensely,激しく,1598
intersection,交差点,1599
irritated,いらだった,1600
repair （名詞）,修理,1601
traffic jam,交通渋滞,1602
-like,…のような,1603
claim,…だと主張する,1604
define,…を定義する,1605
object (名詞),物体,1606
saucer,受け皿,1607
unidentified,正体不明の,1608
vehicle,乗り物,1609
assert,…だと主張する,1610
deed,行い,1611
deliver,（演説を）行う，…を配達する,1612
evil,悪の,1613
founder,創始者,1614
passionate,熱のこもった,1615
religion,宗教,1616
root,根，根源,1617
sermon,説法,1618
worship,崇拝,1619
clash,衝突する,1620
gross,甚だしい,1621
injustice,不公正,1622
maintain,…をだと主張する，…を維持する,1623
mob,群衆,1624
protest,…に抗議する,1625
riot,暴動,1626
ruling (名詞),判決,1627
Supreme Court （the 〜）,最高裁判所,1628
violent,乱暴な,1629
extreme,極度の,1630
pity,哀れみ,1631
poverty,貧困,1632
suffer,（苦痛を）経験する,1633
wonder (動詞),…かなと思う,1634
biological,生物学の,1635
dad,パパ,1636
feature,特徴,1637
gene,遺伝子,1638
heredity,遺伝,1639
mom,ママ,1640
offspring,子供,1641
parent,親,1642
process (名詞),過程,1643
autobiography,自伝,1644
film,映画,1645
innumerable,数え切れないほど多くの,1646
merchant,商人,1647
reign,統治期間,1648
slaughter,…を虐殺する,1649
terror,大きな恐怖,1650
vivid,鮮やかな,1651
approximately,およそ,1652
asteroid,小惑星,1653
billion,10億,1654
comet,彗星,1655
Earth,地球,1656
form(動詞),…を形作る,1657
Mars,火星,1658
planet,惑星,1659
solar,太陽の,1660
applaud,拍手をする,1661
injury,負傷,1662
knee,ひざ,1663
loudly,大きな音・声で,1664
notwithstanding,…にもかかわらず,1665
perfect,完璧な,1666
performance,演技，演奏,1667
spectator,観客,1668
...mannered,…に振る舞っている,1669
harass,…をしつこく困らせる,1670
might,…かもしれない,1671
punish,…を罰する,1672
severely,厳しく,1673
sexually,性的に,1674
supervisor,監督者,1675
BigApple(the〜),ニューヨーク,1676
bunch,束,1677
college,大学,1678
eccentric,風変わりな,1679
graduate,卒業する,1680
outstanding,とても優れている,1681
provincial,地方の,1682
diligently,勤勉に,1683
regret,…を残念に思う［後悔する］,1684
would,（よく）…したものだ，…であろうに,1685
entertain　,…を楽しませる,1686
mistake,間違い,1687
Celsius,摂氏,1688
exceed,…を越える,1689
forecaster,予報士,1690
maximum,最大限［最高］の,1691
temperature,温度，気温,1692
adult,大人,1693
affair,問題，情事,1694
interfere,干渉する,1695
intrude,侵害する,1696
assistance,援助,1697
favor,（親切心から）人にする行為,1698
hesitate,ためらう,1699
reluctant,しぶしぶの,1700
both,両方（の）,1701
collar,襟,1702
grab,…をつかむ,1703
signal,信号,1704
turn （動詞）,…になる,1705
asleep,眠っている,1706
couch,長いす,1707
midnight,午前零時,1708
sleepy,眠い,1709
worn-out,疲れ切っている,1710
compromise,妥協,1711
proposal,提案,1712
reason,理由,1713
union,組合,1714
bully,…をいじめる,1715
constantly,絶えず,1716
gloomy,暗い,1717
mean(形容詞),意地悪な,1718
meek,おとなしくて従順な,1719
shy,内気な,1720
stepsister,異母［異父］姉妹,1721
tease,…をからかう,1722
culture,文化,1723
differ,異なる,1724
lecturer,（大学の）講師,1725
sociology,社会学,1726
vary,異なる,1727
frighten,…を怖がらせる,1728
mean(動詞),…を意味する,1729
prepare,準備をする,1730
scare,…を怖がらせる,1731
stare,じっと見つめる,1732
billionaire,億万長者,1733
dislike,…を嫌悪する,1734
fame,有名であること,1735
fortune,富,1736
lack,欠如,1737
satisfied,満足した,1738
entrance,入ること,1739
examination,試験,1740
small hours （the 〜）,真夜中過ぎ（の時間）,1741
till,…までずっと,1742
university,大学,1743
bottom,底,1744
drawer,引き出し,1745
photograph,写真,1746
report card,成績表,1747
delicious,おいしい,1748
patient (形容詞),我慢強い,1749
slap,…をぴしゃりと叩く,1750
slice,一切れ,1751
smell,…なにおいがする,1752
wrist,手首,1753
adopt,…を採用する［養子にする］,1754
couple,夫婦，カップル,1755
foster,育ての，里親の,1756
middle-aged,中年の,1757
orphan,孤児,1758
succession,連続,1759
until,…までずっと,1760
matter（名詞）,事柄，（問題の）原因,1761
timid,臆病な,1762
useless,役に立たない,1763
anyway,とにかく,1764
difference,違い,1765
since,…なのだから,1766
vinegar,食用酢,1767
capitalism,資本主義,1768
communism,共産主義,1769
competition,競争,1770
economy,経済,1771
effect,効果,1772
efficiency,効率,1773
favorable,好都合な,1774
socialism,社会主義,1775
colonel,大佐,1776
command(名詞),命令，運用能力,1777
else,他の,1778
ignore,…を無視する,1779
oblige,…に余儀なくさせる,1780
persist,あくまでも続ける,1781
somewhere,どこかに,1782
transfer,…を移転させる,1783
captain,船長,1784
conserve,…を節約する,1785
murmur,つぶやく,1786
sufficient,必要十分な,1787
sustain,…を維持する,1788
thought,考え,1789
earthquake,地震,1790
immediately,ただちに,1791
instruct,…に指示する,1792
otherwise,さもないと,1793
unless,…でない限り,1794
attain,…を達成する,1795
means,手段,1796
objective,目的,1797
primary,第一の,1798
ruler,支配者,1799
savage,残忍な,1800
fail,うまく機能しない,1801
loss,失うこと,1802
mail,…を投函する,1803
memory,記憶（力）,1804
cautious,注意深い,1805
extra,余分の,1806
suggest,…を提案［示唆］する,1807
apart,離れて,1808
demonstrate,…を実演する,1809
arrange,手配する,1810
attend,…に出席する,1811
banquet,晩餐会,1812
phone （動詞）,…に電話をかける,1813
anxiety,心配,1814
full,完全な,1815
manager,課長，部長,1816
relieve,…を和らげる,1817
responsibility,責任,1818
consume,…を消費する,1819
indeed,実のところ,1820
shame,残念なこと,1821
starve,飢える,1822
Third World （the 〜）,第三世界,1823
compulsory,義務的な,1824
demand（動詞）,…を要求する,1825
remain,…のままである,1826
those,人々,1827
whereas,…である一方で,1828
achieve,…を達成する,1829
way,方法，道,1830
where (接続詞),…する場所に,1831
action,行動,1832
although,…だが,1833
anticipate,…を予期する,1834
calamity,災害,1835
magnitude,規模,1836
situation,状況,1837
swift,素早い,1838
hate,…が大嫌いだ,1839
lecture,講義,1840
prefer,…をより好む,1841
skip,（授業を）サボる,1842
unwilling,気が進まない,1843
virtually,ほとんど,1844
behave,振る舞う,1845
matter(動詞),重要である,1846
abroad,外国に,1847
fill,…を満たす,1848
indifferent,無関心である,1849
misgiving,心配,1850
politics,政治,1851
senator,上院議員,1852
senior,（地位・ポストが）より上で,1853
utterly,完全に,1854
youth,若者,1855
awkward,不器用な,1856
careless,不注意な,1857
clumsy,不器用な,1858
lamppost,街灯柱,1859
abundant,豊富な,1860
exhaust,…を使い果たす,1861
limited,限られた,1862
naturalresources,天然資源,1863
sensibly,賢明に,1864
utilize,…を利用する,1865
amiable,愛想の良い,1866
appreciate,…に感謝する,1867
beam,微笑む,1868
bit,少額,1869
contribution,寄付,1870
count,価値がある,1871
goodwill,善意,1872
however(接続詞),どれだけ…でも,1873
missionary,宣教師,1874
ideal,理想的な,1875
once (接続詞),一度…すると,1876
promise,約束,1877
vague,曖昧な,1878
-spoken,…な話し方の,1879
blunt,無遠慮な,1880
encounter,…に出くわす,1881
fortune-teller,占い師,1882
misfortune,不運,1883
predict,…だと予想［予言］する,1884
stormy,嵐のように激しい,1885
crisis,危機,1886
foresee,…を予知・予見する,1887
horizon,地平線,1888
ray,光線,1889
steer,…を導く,1890
toward,…に向かって,1891
tribe,部族,1892
shout,叫ぶ,1893
alone,一人で,1894
concentrate,集中する,1895
disturb,…の休息を邪魔する,1896
exam,試験,1897
check,小切手,1898
clerk,事務員,1899
guest,客,1900
farewell,お別れ,1901
hold,（会などを）開く,1902
shelter,避難所,1903
shower,にわか雨,1904
thunder,雷鳴,1905
cling,しがみつく,1906
frightened,怖がっている,1907
loud,大きな音・声で,1908
scream,悲鳴を上げる,1909
sleeve,そで,1910
tightly,しっかりと,1911
typical,典型的な,1912
ashamed,恥じている,1913
lie(名詞),嘘,1914
snarl,激しい口調で…と言う,1915
stupid,馬鹿な,1916
transparent,見え透いた,1917
agent,諜報部員,1918
FBI,米国連邦捜査局,1919
hijacker,ハイジャック犯,1920
hostage,人質,1921
seize,…を拘束する,1922
somehow,何とか,1923
threaten,…を脅す,1924
adversely,悪く,1925
affect,…に影響を与える,1926
client,顧客,1927
correct(形容詞),正しい,1928
illegal,違法な,1929
legitimate,合法な,1930
relationship,関係,1931
transaction,取引,1932
impression,印象,1933
beauty,美点,1934
govern,…を統治する,1935
say (名詞),発言権,1936
executive,重役,1937
intention,意志,1938
notify,…に知らせる,1939
perhaps,たぶん,1940
retire,退職する,1941
artificial,人工的な,1942
beneath,…より下に,1943
console,…を慰める,1944
discouragement,落胆,1945
sense (動詞),…を感じ取る,1946
worse,より悪い,1947
Ms.,…さん,1948
yeah,ええ，うん（＝ yes）,1949
can't,…のはずがない,1950
clearly,明らかに,1951
cousin,いとこ,1952
evident,明らかな,1953
kid(動詞),からかう,1954
defective,欠陥がある,1955
manufacturer,製造業者,1956
replace,…を交換する,1957
suppose,…ではないかと思う,1958
vending machine,自動販売機,1959
patient (名詞),患者,1960
remove,…を取り除く,1961
restore,…を元の状態に戻す,1962
surgeon,外科医,1963
tumor,腫瘍,1964
absurd,ばかげた,1965
coherent,首尾一貫した,1966
notion,考え,1967
rational,合理的な,1968
totally,完全に,1969
unusual,めずらしい,1970
bottle,瓶,1971
can(名詞),缶,1972
empty,空の,1973
pile,（物の）山,1974
plastic,ビニール,1975
scatter,…をまき散らす,1976
trash,ごみ,1977
distribution,流通,1978
hinder,…を妨げる,1979
long(副詞),長い間,1980
outdated,時代遅れの,1981
regulation,規制,1982
confide,…を打ち明ける,1983
dare,ずうずしく…する,1984
shortly,すぐに,1985
contend,対決する,1986
ignorance,無知,1987
obstinate,頑固な,1988
oppression,抑圧,1989
prejudice,偏見,1990
recall,…を思い出す,1991
appoint,…を任命する,1992
cabinet,内閣,1993
controversy,論議,1994
corrupt,汚職を働く,1995
fierce,激しい,1996
generalpublic（the〜）,一般大衆,1997
minister,大臣,1998
politician,政治家,1999
fate,運命,2000
strange,奇妙な,2001
twist,（意外な）展開,2002
wave,手を振る,2003
wharf,波止場,2004
advise,…に勧める,2005
contrary,正反対の,2006
deceive,…をだます,2007
faith,信頼,2008
trust,…を信用する,2009
absolutely,絶対的に,2010
discipline,しつけ,2011
freedom,自由,2012
indulge,…を甘やかす,2013
spoil,…をだめにする,2014
vital,極めて重要な,2015
activity,活動,2016
conspicuous,目立っている,2017
exclude,…を除外する,2018
fake,偽物,2019
forsure,確実な,2020
genuine,本物の,2021
obscure,あまり知られていない,2022
painting,絵画,2023
real,本物の,2024
rage,激怒,2025
react,反応する,2026
anger,怒り,2027
bald,禿げた,2028
pour,…を注ぐ,2029
punch,…にパンチを食らわす,2030
due,到着予定で,2031
home,自宅へ,2032
miss,…に乗り遅れる,2033
enterprise,企業,2034
expand,…を拡大する,2035
extraordinary,すごい,2036
giant,巨人,2037
modest,並の,2038
multimedia,マルチメディア,2039
PC,パソコン,2040
vice,副…,2041
acknowledge,…を認める,2042
alive,生きている,2043
consult,…に相談する,2044
malpractice,医療過誤,2045
specialist,専門家,2046
critic,評論家,2047
literary,文学の,2048
novel(名詞),小説,2049
remark （動詞）,…だと述べる,2050
cost(名詞),費用,2051
excessive,過剰な,2052
garbage,ゴミ,2053
package,…を包装する,2054
practice (名詞),習慣的行為,2055
tolerate,…を許容する,2056
wasteful,無駄な,2057
during,…の間に,2058
restructure,…を構築し直す,2059
survive,生き残る,2060
transformation,変化,2061
undergo,…を経験する,2062
caution,…に注意する,2063
common,共通の,2064
commonsense,常識的な判断力,2065
foolish,愚かな,2066
imprudent,賢明でない,2067
instinct,本能,2068
intuition,直感,2069
economist,経済学者,2070
good,利益,2071
harm,危害,2072
partial,部分的な,2073
serious,深刻な,2074
stable,安定した,2075
treatment,治療,2076
warn,…だと警告する,2077
appropriate,適切な,2078
embarrassed,恥ずかしい,2079
manner,やり方，作法,2080
occasion,場合，行事,2081
sink,沈む,2082
artistic,芸術的な,2083
endow,…に授ける,2084
masterpiece,傑作,2085
paint (動詞),…を描く,2086
painter,画家,2087
sigh,ため息をつく,2088
talent,才能,2089
would-be,…志望の,2090
forgive,…を許す,2091
lament,嘆く,2092
nasty,ひどい,2093
temper,気性，気分,2094
mobilephone,携帯電話,2095
right-hand,右手の,2096
below,…より下に,2097
commodity,商品,2098
grateful,感謝している,2099
note,メモ,2100
promptly,迅速に,2101
usual,いつもの,2102
homework,宿題,2103
paragraph,段落,2104
stuck,行き詰まって,2105
allergy,アレルギー,2106
clear(動詞),…にある邪魔なものを取り除く,2107
honestly,正直に,2108
reply （動詞）,返答をする,2109
burst,破裂する,2110
mad,頭がおかしい,2111
tears,涙,2112
decade,10年,2113
heal,治る,2114
psychological,心理的［精神的］な,2115
scar,傷跡,2116
superpower,超大国,2117
war,戦争,2118
another,あと…,2119
complete,…を完成する,2120
extend,…を伸ばす,2121
probably,おそらく,2122
community,社会集団,2123
cooperate/co-operate,協力をする,2124
eliminate,…を取り除く,2125
international,国際的な,2126
proclaim,…だと宣言する,2127
terrorism,テロ,2128
threat,脅威,2129
annoyance,いらだち,2130
mildly,穏やかに,2131
mischievous,いたずら好きな,2132
right (名詞),正しいこと，権利,2133
scold,…を叱る,2134
wrong (名詞),悪いこと,2135
extremely,極度に,2136
financial,金融の,2137
institution,機関,2138
invest,投資する,2139
profit,利益,2140
property,土地と建物,2141
resist,…に抵抗する,2142
soar,急上昇する,2143
temptation,誘惑,2144
alike,同様に,2145
botanical,植物学の,2146
distinguish,区別する,2147
exactly,まさしく,2148
expert,専門家,2149
plant,植物,2150
thus,それ故に,2151
mention,…について言及する,2152
obliged,ありがたく思う,2153
thoughtful,思いやりがある,2154
harsh,厳しい,2155
reality,現実,2156
wail,嘆き悲しむ,2157
apply,申し込む,2158
award（動詞）,…を授与する,2159
council,評議会,2160
grant,助成金,2161
local,地方の,2162
worthwhile,時間をかける価値がある,2163
content(形容詞),満足している,2164
dissatisfaction,不満,2165
occur,起きる,2166
silly,馬鹿な,2167
custom,慣習,2168
medieval,中世の,2169
related,関係のある,2170
respectively,それぞれ（順に）,2171
sacred,神聖な,2172
times,時代,2173
tradition,伝統,2174
unique,独特な,2175
bargain,交渉をする,2176
negotiation,交渉,2177
negotiator,交渉（担当）者,2178
representative,代表者,2179
tough,困難な,2180
wonder (名詞),驚き,2181
aid,援助,2182
drought,干ばつ,2183
famine,飢饉,2184
isolated,孤立した,2185
outside,外部の,2186
reliable,信頼できる,2187
source,源,2188
support,支援,2189
conventional,従来の,2190
incentive,刺激,2191
labor,労働,2192
payment,支払い,2193
productivity,生産性,2194
promotion,昇進,2195
proportion,割合，比率,2196
speedy,迅速な,2197
wisdom,知恵,2198
argue,主張する,2199
bureaucrat,官僚,2200
desirable,望ましい,2201
detail,詳細,2202
examine,…を調べる,2203
further,さらに先へ，それ以上の,2204
minute(形容詞),非常に細かな,2205
proceed,先へと進む,2206
proposition,提案，事柄,2207
dispute,争い,2208
gangster,ギャングの一員,2209
natural,当然である,2210
resort,（よくない手段に）訴える,2211
violence,暴力,2212
aristocrat,貴族,2213
luxury,贅沢（品）,2214
period,期間,2215
privilege,特権,2216
wealth,富,2217
pants,ズボン,2218
shot,発砲,2219
gifted,天賦の才能がある,2220
poet,詩人,2221
poetry,詩歌,2222
sophisticated,洗練された,2223
widely,広く,2224
confuse,…を混同する,2225
jealous,うらやんでいる,2226
popularity,人気,2227
abandon,…を捨てる,2228
abruptly,突然,2229
depressed,ひどく落胆した,2230
eventually,最終的に,2231
expression,表現,2232
neglect,…を怠る,2233
correct(動詞),…を正す,2234
discriminate,差別する,2235
disgusting,嫌悪感を与える,2236
exploit,…を搾取する,2237
immediate,即座の,2238
associate,同僚,2239
criticize,…を批判する,2240
refrain,差し控える,2241
ambassador,大使,2242
brilliant,素晴らしい,2243
career,経歴,2244
diplomat,外交官,2245
elite,エリートの,2246
force,…に強制する,2247
resign,辞任する,2248
scandal,不祥事,2249
surround,…を取り囲む,2250
adjust,適応する,2251
appetite,食欲,2252
heat,暑さ,2253
humid,湿度の高い,2254
pale,青ざめた,2255
assess,…を評価する,2256
grade,成績,2257
hardly,ほとんど…なく,2258
inferior,劣っている,2259
intellectually,知的・知能面で,2260
intelligence,知能,2261
necessarily,必然的に,2262
therefore,それゆえに,2263
ambiguous,曖昧な,2264
contract,契約,2265
doubt,疑い,2266
extract,…を引き出す,2267
purpose,目的,2268
reply （名詞）,返答,2269
sign (動詞),…に署名する,2270
cleaning,掃除,2271
housework,家事,2272
laundry,洗濯物,2273
rarely,めったに…しない,2274
share,…を分かち合う,2275
collection,収集,2276
gather,…を集める,2277
postage,郵便料金,2278
worth,…の価値がある,2279
worthy,価値がある,2280
convey,…を伝える,2281
nuance,微妙な差異,2282
original,原文,2283
subtle,かすかな,2284
translate,…を翻訳する,2285
episode,（連続番組などの）１回分,2286
pathetic,悲しみを誘う,2287
boast,自慢する,2288
emotion,感情,2289
occasionally,時折,2290
prevail,勝る,2291
retain,…を保持する,2292
self-control,自制心,2293
accord,合意,2294
Christian,キリスト教徒,2295
fragile,脆弱な,2296
Muslim,イスラム教徒,2297
previous,前の,2298
ruin,…を台無しにする,2299
haste,急ぐこと,2300
irony,皮肉,2301
paradox,逆説,2302
same (the 〜 ),同じこと,2303
similar,類似の,2304
sound (動詞),…に聞こえる,2305
though,…だが,2306
despise,…を軽蔑する,2307
sarcastic,皮肉な,2308
scorn,軽蔑,2309
basis,基礎,2310
concrete,具体的な,2311
proof,証拠,2312
response,反応，応答,2313
ridicule,…をあざける,2314
ridiculous,ばかげている,2315
scientific,科学的な,2316
solid,確固とした,2317
superstition,迷信,2318
belief,信じること,2319
coward,臆病者,2320
incredible,信じられない,2321
saying,ことわざ,2322
cunning,ずる賢い,2323
friendly,友好的な,2324
good-natured,人の良い,2325
moral,道徳規準,2326
narrow-minded,心の狭い,2327
ahead,前方に,2328
arise,生じる,2329
conflict,対立,2330
friction,摩擦,2331
hatred,強い嫌悪,2332
hostility,敵意,2333
multitude,多数,2334
mutual,相互の,2335
post-,…後の,2336
profound,深い,2337
republic,共和国,2338
admire,…を素晴らしいと思う,2339
envy,嫉妬,2340
esteem,尊敬の念,2341
impressive,素晴らしい,2342
interpreter,通訳者,2343
electric,電気の,2344
enter,…に入る,2345
heater,暖房機,2346
microwave(oven),電子レンジ,2347
aggressive,強引な,2348
bribe,賄賂,2349
comment,コメントをする,2350
decline（動詞）,…を丁重に断る,2351
forward,前方へ,2352
limo,リムジン,2353
reporter,記者,2354
rush,ダッシュする,2355
contact(動詞),…に連絡をする,2356
e-mail,メール,2357
obtain,…を得る,2358
telephone (動詞),…に電話する,2359
useful,役に立つ,2360
coarse,粗暴な,2361
double(形容詞),二重の,2362
gentle,温厚な,2363
personality,人格,2364
polite,丁寧な,2365
rude,無礼な,2366
chief,（組織の）長,2367
ingenious,創意工夫のある,2368
method,手法,2369
practical,実践［実用］的な,2370
scarcely,ほとんど…ない,2371
scratch,…をひっかく,2372
section,部課,2373
beg,懇願する,2374
capture,…を捉える,2375
humiliate,…に恥をかかせる,2376
mercy,慈悲,2377
nevertheless,それにもかかわらず,2378
torture,…を拷問にかける,2379
warrior,戦士,2380
accused（the〜）,被告人,2381
childhood,子供時代,2382
judge(名詞),裁判官,2383
pass,（判決を）言い渡す,2384
trial,裁判,2385
devise,…を考案する,2386
disaster,災害,2387
splendid,素晴らしい,2388
unexpected,予期せぬ,2389
counselor,カウンセラー,2390
experienced,経験を積んだ,2391
inevitable,避けられない,2392
resistance,抵抗,2393
urge,…に強く勧める,2394
exhausted,くたくたに疲れた,2395
mustn't,…してはいけない,2396
pardon,許し,2397
tired,疲れた,2398
adequate,十分な,2399
brain,脳,2400
deprive,…から奪い去る,2401
function,機能,2402
properly,適切に,2403
evidence,証拠,2404
fresh,新たな,2405
testimony,証言,2406
witness,証人,2407
account,説明,2408
accurate,正確な,2409
concise,簡潔である,2410
contrast,対照,2411
precise,正確な,2412
redundant,無駄な繰り返しがある,2413
drag(動詞),…を引きずる,2414
earner,稼ぐ人,2415
freeze,凍る,2416
lower(動詞),…を下げる,2417
recession,不況,2418
salaried,給料制の,2419
wage,賃金,2420
budget,予算,2421
deficit,赤字,2422
estimate,見積もり,2423
indicate,…を示す,2424
submit,…を提出する,2425
surplus,余剰，黒字,2426
think tank,シンク・タンク,2427
trade,貿易,2428
trillion,兆,2429
burn,…を燃やす,2430
low,低い,2431
namely,つまり,2432
negative,マイナスの,2433
poisonous,有毒な,2434
product,製品,2435
vinyl,ビニール,2436
blame,…を非難する,2437
bluntly,あからさまに,2438
defeat,…を打ち負かす,2439
interview（動詞）,…にインタビューをする,2440
match(名詞),試合,2441
opponent,（対戦）相手,2442
umpire,審判,2443
constitution,憲法,2444
fundamental,基本的な,2445
grown-up,大人,2446
guarantee,…を保証する,2447
human,人間の,2448
state (動詞),…を明言する,2449
assumption,想定,2450
found,…を設立する,2451
innocent,無実の,2452
judicial,司法の,2453
presume,…だと推定する,2454
principle,原理原則,2455
prove,…を証明する,2456
system,制度,2457
complain,不満を言う,2458
prohibit,…を禁じる,2459
rigid,厳格な,2460
rule,規則,2461
smoke (動詞),たばこを吸う,2462
strictly,厳しく,2463
back(名詞),背中,2464
bend,…を曲げる,2465
injure,…を傷つける,2466
leg,脚,2467
lift,…を持ち上げる,2468
load(名詞),荷物,2469
muscle,筋肉,2470
strain,負荷,2471
altitude,高度,2472
bomber,爆撃機,2473
defy,…に背く,2474
fighter,戦闘機,2475
following(前置詞),…の後に,2476
gain,…を得る,2477
gravity,重力,2478
majestic,威厳のある,2479
velocity,速度,2480
arrival,到着,2481
chaos,混乱,2482
date,日付,2483
office,仕事部屋,2484
postpone,…を延期する,2485
state (名詞),状態,2486
total,完全な,2487
hangover,二日酔い,2488
pound (動詞),ガンガン叩く,2489
reunion,再会,2490
environmental,環境の,2491
especially,特に,2492
issue,問題,2493
nowadays,近頃では,2494
say (副詞),例えば,2495
sensitive,敏感な,2496
urbanite,都市居住者,2497
candid,率直な,2498
merchandise,商品,2499
opinion,意見,2500
respect （名詞）,尊敬,2501
superior,より優れている,2502
variety,多様，多種,2503
emotional,精神的な,2504
endure,…に耐える,2505
physical,肉体［身体］的な,2506
prior,事前の,2507
quiver,震える,2508
suffering,苦痛,2509
voice,声,2510
widow,未亡人,2511
consequently,結果的に,2512
densely,密集して,2513
epidemic,伝染病,2514
equator（the〜）,赤道,2515
flu,インフルエンザ,2516
perish,死ぬ,2517
populate,…に住む,2518
alternative,代替の,2519
costly,費用が高くつく,2520
energy,エネルギー,2521
environment,環境,2522
generate,…を生み出す,2523
least,最小限,2524
least,最も…でない,2525
moreover,その上さらに,2526
ambition,大望,2527
fulfill,…を果たす,2528
mountaineer,登山家,2529
strive,懸命に努力する,2530
attract,…を引き寄せる,2531
audience,聴衆,2532
profitable,儲かる,2533
superb,素晴らしい,2534
delta,三角州,2535
flood,洪水,2536
geography,地理（学）,2537
States (the 〜 ),アメリカ合衆国,2538
agony,苦痛,2539
compensate,埋め合わせをする,2540
grieve,ひどく悲しむ,2541
precious,貴重な,2542
sob,すすり泣く,2543
bachelor,独身男性,2544
elder,年上の,2545
eligible,適格の,2546
twin,双子（の片方）,2547
aspect,面,2548
conceal,…を隠す,2549
exaggerate,…を誇張する,2550
former（the〜）,前者,2551
latter,後者,2552
positive,プラスの,2553
scheme,計画,2554
ex-,前の,2555
miserable,悲惨な,2556
revenge,仕返し,2557
assignment,仕事,2558
confident,自信がある,2559
deadline,締め切り,2560
enormous,巨大な,2561
size,大きさ,2562
alter,…を変える,2563
conscious,意識している,2564
habit,習慣,2565
prolong,…を延長する,2566
bug,虫,2567
dead,死んだ,2568
insect,昆虫,2569
stand,…に耐える,2570
tremble,震える,2571
worm,（足のない）虫,2572
actor,俳優,2573
arrogance,傲慢さ,2574
arrogant,傲慢な,2575
conceit,うぬぼれ,2576
debut,デビュー,2577
popular,人気のある,2578
teens,十代,2579
colonial,植民地の,2580
concession,妥協,2581
condemn,…を激しく非難する,2582
feeble,弱々しい,2583
historic,歴史的に重要な,2584
power,強国，大国,2585
submission,屈服,2586
thorough,完全な,2587
treaty,条約,2588
enthusiasm,熱心,2589
guy,男,2590
keen,関心が強い,2591
obsession,取り憑かれていること,2592
brave,勇敢な,2593
defend,…を守る,2594
despite,…にもかかわらず,2595
determined,決意した,2596
enemy,敵,2597
homeland,祖国,2598
powerful,強力な,2599
refuse,…を拒む,2600
retreat,退却する,2601
surrender,降伏する,2602
troop,軍隊,2603
fly,飛行機で行く,2604
peninsula,半島,2605
take,…を必要とさせる,2606
guestworker,外国人労働者,2607
immigrant,移民,2608
province,州，省,2609
workforce,労働者全体,2610
export,…を輸出する,2611
import（動詞）,…を輸入する,2612
industrial,産業の，工業の,2613
machinery,機械類,2614
material,材料,2615
produce,…を生み出す,2616
raw,生の,2617
roughly,大雑把に,2618
approve,良いと認める,2619
consent,同意する,2620
inclined,傾いた,2621
marriage,結婚,2622
stubborn,頑固な,2623
hence,それゆえに,2624
invisible,目に見えない,2625
micro-,ミクロの,2626
microscope,顕微鏡,2627
naked,裸の,2628
bestman（the〜）,花婿の付添人,2629
gymnast,体操選手,2630